{
  "id": "/subscriptions/ad7ba97b-49f2-48c6-80fa-101ab7657e28/resourceGroups/DefaultResourceGroup-SUK/providers/Microsoft.Resources/deployments/newWorkspaceTemplate",
  "name": "newWorkspaceTemplate",
  "type": "Microsoft.Resources/deployments",
  "properties": {
    "templateHash": "4059782537196916183",
    "parameters": {},
    "mode": "Incremental",
    "provisioningState": "Running",
    "timestamp": "2024-09-26T13:03:34.9639339Z",
    "duration": "PT0.8063911S",
    "correlationId": "7e928e73-b699-43aa-acab-23f3edc06afc",
    "providers": [
      {
        "namespace": "Microsoft.OperationalInsights",
        "resourceTypes": [
          {
            "resourceType": "workspaces",
            "locations": [
              "uksouth"
            ]
          }
        ]
      }
    ],
    "dependencies": []
  }
}