[
  {
    "id": "/subscriptions/ad7ba97b-49f2-48c6-80fa-101ab7657e28/resourceGroups/DefaultResourceGroup-SUK/providers/Microsoft.Resources/deployments/newWorkspaceTemplate/operations/2614C6129EBD0C40",
    "operationId": "2614C6129EBD0C40",
    "properties": {
      "provisioningOperation": "Create",
      "provisioningState": "Running",
      "timestamp": "2024-09-26T13:03:35.0091575Z",
      "duration": "PT0.5077163S",
      "trackingId": "e07f1c37-f377-4ea1-9538-69611d13db19",
      "statusCode": "Created",
      "targetResource": {
        "id": "/subscriptions/ad7ba97b-49f2-48c6-80fa-101ab7657e28/resourceGroups/DefaultResourceGroup-SUK/providers/Microsoft.OperationalInsights/workspaces/DefaultWorkspace-ad7ba97b-49f2-48c6-80fa-101ab7657e28-SUK",
        "resourceType": "Microsoft.OperationalInsights/workspaces",
        "resourceName": "DefaultWorkspace-ad7ba97b-49f2-48c6-80fa-101ab7657e28-SUK"
      }
    }
  }
]